Code Domaine,Domaine,Code zone (M49),Zone,Code Élément,Élément,Code Produit,Produit,Code année,Année,Unité,Valeur,Symbole,Description du Symbole,Note
"FDI","L’investissement Direct étranger (IDE)","004","Afghanistan","6110","Valeur US $","23082","IED - entrées totales","2017","2017","Millions d’USD","51.533897","X","Ciffre de sources internationales","UNCTAD"
"FDI","L’investissement Direct étranger (IDE)","710","Afrique du Sud","6110","Valeur US $","23082","IED - entrées totales","2017","2017","Millions d’USD","2008.360978","X","Ciffre de sources internationales","UNCTAD"
"FDI","L’investissement Direct étranger (IDE)","008","Albanie","6110","Valeur US $","23082","IED - entrées totales","2017","2017","Millions d’USD","1016.561053","X","Ciffre de sources internationales","UNCTAD"
"FDI","L’investissement Direct étranger (IDE)","012","Algérie","6110","Valeur US $","23082","IED - entrées totales","2017","2017","Millions d’USD","1232.341924","X","Ciffre de sources internationales","UNCTAD"
"FDI","L’investissement Direct étranger (IDE)","276","Allemagne","6110","Valeur US $","23082","IED - entrées totales","2017","2017","Millions d’USD","33261.034105","X","Ciffre de sources internationales","UNCTAD"
"FDI","L’investissement Direct étranger (IDE)","024","Angola","6110","Valeur US $","23082","IED - entrées totales","2017","2017","Millions d’USD","-7397.3","X","Ciffre de sources internationales","UNCTAD"
"FDI","L’investissement Direct étranger (IDE)","660","Anguilla","6110","Valeur US $","23082","IED - entrées totales","2017","2017","Millions d’USD","97.167478","X","Ciffre de sources internationales","UNCTAD"
"FDI","L’investissement Direct étranger (IDE)","028","Antigua-et-Barbuda","6110","Valeur US $","23082","IED - entrées totales","2017","2017","Millions d’USD","151.271628","X","Ciffre de sources internationales","UNCTAD"
"FDI","L’investissement Direct étranger (IDE)","682","Arabie saoudite","6110","Valeur US $","23082","IED - entrées totales","2017","2017","Millions d’USD","1418.843614","X","Ciffre de sources internationales","UNCTAD"
"FDI","L’investissement Direct étranger (IDE)","032","Argentine","6110","Valeur US $","23082","IED - entrées totales","2017","2017","Millions d’USD","11516.861462","X","Ciffre de sources internationales","UNCTAD"
"FDI","L’investissement Direct étranger (IDE)","051","Arménie","6110","Valeur US $","23082","IED - entrées totales","2017","2017","Millions d’USD","-104.174834","X","Ciffre de sources internationales","UNCTAD"
"FDI","L’investissement Direct étranger (IDE)","533","Aruba","6110","Valeur US $","23082","IED - entrées totales","2017","2017","Millions d’USD","87.862279","X","Ciffre de sources internationales","UNCTAD"
"FDI","L’investissement Direct étranger (IDE)","036","Australie","6110","Valeur US $","23082","IED - entrées totales","2017","2017","Millions d’USD","46114.227904","X","Ciffre de sources internationales","UNCTAD"
"FDI","L’investissement Direct étranger (IDE)","040","Autriche","6110","Valeur US $","23082","IED - entrées totales","2017","2017","Millions d’USD","14953.513855","X","Ciffre de sources internationales","UNCTAD"
"FDI","L’investissement Direct étranger (IDE)","031","Azerbaïdjan","6110","Valeur US $","23082","IED - entrées totales","2017","2017","Millions d’USD","2867","X","Ciffre de sources internationales","UNCTAD"
"FDI","L’investissement Direct étranger (IDE)","044","Bahamas","6110","Valeur US $","23082","IED - entrées totales","2017","2017","Millions d’USD","901.448202","X","Ciffre de sources internationales","UNCTAD"
"FDI","L’investissement Direct étranger (IDE)","048","Bahreïn","6110","Valeur US $","23082","IED - entrées totales","2017","2017","Millions d’USD","1426.143617","X","Ciffre de sources internationales","UNCTAD"
"FDI","L’investissement Direct étranger (IDE)","050","Bangladesh","6110","Valeur US $","23082","IED - entrées totales","2017","2017","Millions d’USD","2151.64","X","Ciffre de sources internationales","UNCTAD"
"FDI","L’investissement Direct étranger (IDE)","052","Barbade","6110","Valeur US $","23082","IED - entrées totales","2017","2017","Millions d’USD","206.157363","X","Ciffre de sources internationales","UNCTAD"
"FDI","L’investissement Direct étranger (IDE)","112","Bélarus","6110","Valeur US $","23082","IED - entrées totales","2017","2017","Millions d’USD","1278.5","X","Ciffre de sources internationales","UNCTAD"
"FDI","L’investissement Direct étranger (IDE)","056","Belgique","6110","Valeur US $","23082","IED - entrées totales","2017","2017","Millions d’USD","-708.306504","X","Ciffre de sources internationales","UNCTAD"
"FDI","L’investissement Direct étranger (IDE)","084","Belize","6110","Valeur US $","23082","IED - entrées totales","2017","2017","Millions d’USD","24.494687","X","Ciffre de sources internationales","UNCTAD"
"FDI","L’investissement Direct étranger (IDE)","204","Bénin","6110","Valeur US $","23082","IED - entrées totales","2017","2017","Millions d’USD","168.995366","X","Ciffre de sources internationales","UNCTAD"
"FDI","L’investissement Direct étranger (IDE)","060","Bermudes","6110","Valeur US $","23082","IED - entrées totales","2017","2017","Millions d’USD","-288.109271","X","Ciffre de sources internationales","UNCTAD"
"FDI","L’investissement Direct étranger (IDE)","064","Bhoutan","6110","Valeur US $","23082","IED - entrées totales","2017","2017","Millions d’USD","-6.589038","X","Ciffre de sources internationales","UNCTAD"
"FDI","L’investissement Direct étranger (IDE)","068","Bolivie (État plurinational de)","6110","Valeur US $","23082","IED - entrées totales","2017","2017","Millions d’USD","1209.2","X","Ciffre de sources internationales","UNCTAD"
"FDI","L’investissement Direct étranger (IDE)","070","Bosnie-Herzégovine","6110","Valeur US $","23082","IED - entrées totales","2017","2017","Millions d’USD","491.888017","X","Ciffre de sources internationales","UNCTAD"
"FDI","L’investissement Direct étranger (IDE)","072","Botswana","6110","Valeur US $","23082","IED - entrées totales","2017","2017","Millions d’USD","260.575045","X","Ciffre de sources internationales","UNCTAD"
"FDI","L’investissement Direct étranger (IDE)","076","Brésil","6110","Valeur US $","23082","IED - entrées totales","2017","2017","Millions d’USD","58836.25749","X","Ciffre de sources internationales","UNCTAD"
"FDI","L’investissement Direct étranger (IDE)","096","Brunéi Darussalam","6110","Valeur US $","23082","IED - entrées totales","2017","2017","Millions d’USD","460.084075","X","Ciffre de sources internationales","UNCTAD"
"FDI","L’investissement Direct étranger (IDE)","100","Bulgarie","6110","Valeur US $","23082","IED - entrées totales","2017","2017","Millions d’USD","1813.806893","X","Ciffre de sources internationales","UNCTAD"
"FDI","L’investissement Direct étranger (IDE)","854","Burkina Faso","6110","Valeur US $","23082","IED - entrées totales","2017","2017","Millions d’USD","2.57269","X","Ciffre de sources internationales","UNCTAD"
"FDI","L’investissement Direct étranger (IDE)","108","Burundi","6110","Valeur US $","23082","IED - entrées totales","2017","2017","Millions d’USD","0.316483","X","Ciffre de sources internationales","UNCTAD"
"FDI","L’investissement Direct étranger (IDE)","132","Cabo Verde","6110","Valeur US $","23082","IED - entrées totales","2017","2017","Millions d’USD","99.344146","X","Ciffre de sources internationales","UNCTAD"
"FDI","L’investissement Direct étranger (IDE)","116","Cambodge","6110","Valeur US $","23082","IED - entrées totales","2017","2017","Millions d’USD","2788.084322","X","Ciffre de sources internationales","UNCTAD"
"FDI","L’investissement Direct étranger (IDE)","120","Cameroun","6110","Valeur US $","23082","IED - entrées totales","2017","2017","Millions d’USD","814.002","X","Ciffre de sources internationales","UNCTAD"
"FDI","L’investissement Direct étranger (IDE)","124","Canada","6110","Valeur US $","23082","IED - entrées totales","2017","2017","Millions d’USD","22766.845925","X","Ciffre de sources internationales","UNCTAD"
"FDI","L’investissement Direct étranger (IDE)","152","Chili","6110","Valeur US $","23082","IED - entrées totales","2017","2017","Millions d’USD","6694.60404","X","Ciffre de sources internationales","UNCTAD"
"FDI","L’investissement Direct étranger (IDE)","344","Chine - RAS de Hong-Kong","6110","Valeur US $","23082","IED - entrées totales","2017","2017","Millions d’USD","110685.529144","X","Ciffre de sources internationales","UNCTAD"
"FDI","L’investissement Direct étranger (IDE)","446","Chine - RAS de Macao","6110","Valeur US $","23082","IED - entrées totales","2017","2017","Millions d’USD","1509.294044","X","Ciffre de sources internationales","UNCTAD"
"FDI","L’investissement Direct étranger (IDE)","156","Chine, continentale","6110","Valeur US $","23082","IED - entrées totales","2017","2017","Millions d’USD","136340","X","Ciffre de sources internationales","UNCTAD"
"FDI","L’investissement Direct étranger (IDE)","158","Chine, Taiwan Province de","6110","Valeur US $","23082","IED - entrées totales","2017","2017","Millions d’USD","7513.192","X","Ciffre de sources internationales","UNCTAD"
"FDI","L’investissement Direct étranger (IDE)","196","Chypre","6110","Valeur US $","23082","IED - entrées totales","2017","2017","Millions d’USD","9437.308661","X","Ciffre de sources internationales","UNCTAD"
"FDI","L’investissement Direct étranger (IDE)","170","Colombie","6110","Valeur US $","23082","IED - entrées totales","2017","2017","Millions d’USD","13836.696227","X","Ciffre de sources internationales","UNCTAD"
"FDI","L’investissement Direct étranger (IDE)","174","Comores","6110","Valeur US $","23082","IED - entrées totales","2017","2017","Millions d’USD","3.919473","X","Ciffre de sources internationales","UNCTAD"
"FDI","L’investissement Direct étranger (IDE)","178","Congo","6110","Valeur US $","23082","IED - entrées totales","2017","2017","Millions d’USD","4416.953734","X","Ciffre de sources internationales","UNCTAD"
"FDI","L’investissement Direct étranger (IDE)","188","Costa Rica","6110","Valeur US $","23082","IED - entrées totales","2017","2017","Millions d’USD","2778.314023","X","Ciffre de sources internationales","UNCTAD"
"FDI","L’investissement Direct étranger (IDE)","384","Côte d'Ivoire","6110","Valeur US $","23082","IED - entrées totales","2017","2017","Millions d’USD","975.014929","X","Ciffre de sources internationales","UNCTAD"
"FDI","L’investissement Direct étranger (IDE)","191","Croatie","6110","Valeur US $","23082","IED - entrées totales","2017","2017","Millions d’USD","991.361166","X","Ciffre de sources internationales","UNCTAD"
"FDI","L’investissement Direct étranger (IDE)","531","Curaçao","6110","Valeur US $","23082","IED - entrées totales","2017","2017","Millions d’USD","172.678986","X","Ciffre de sources internationales","UNCTAD"
"FDI","L’investissement Direct étranger (IDE)","208","Danemark","6110","Valeur US $","23082","IED - entrées totales","2017","2017","Millions d’USD","3748.661569","X","Ciffre de sources internationales","UNCTAD"
"FDI","L’investissement Direct étranger (IDE)","262","Djibouti","6110","Valeur US $","23082","IED - entrées totales","2017","2017","Millions d’USD","165.001125","X","Ciffre de sources internationales","UNCTAD"
"FDI","L’investissement Direct étranger (IDE)","212","Dominique","6110","Valeur US $","23082","IED - entrées totales","2017","2017","Millions d’USD","22.677208","X","Ciffre de sources internationales","UNCTAD"
"FDI","L’investissement Direct étranger (IDE)","818","Égypte","6110","Valeur US $","23082","IED - entrées totales","2017","2017","Millions d’USD","7408.7","X","Ciffre de sources internationales","UNCTAD"
"FDI","L’investissement Direct étranger (IDE)","222","El Salvador","6110","Valeur US $","23082","IED - entrées totales","2017","2017","Millions d’USD","889.1","X","Ciffre de sources internationales","UNCTAD"
"FDI","L’investissement Direct étranger (IDE)","784","Émirats arabes unis","6110","Valeur US $","23082","IED - entrées totales","2017","2017","Millions d’USD","10354.223","X","Ciffre de sources internationales","UNCTAD"
"FDI","L’investissement Direct étranger (IDE)","218","Équateur","6110","Valeur US $","23082","IED - entrées totales","2017","2017","Millions d’USD","629.542412","X","Ciffre de sources internationales","UNCTAD"
"FDI","L’investissement Direct étranger (IDE)","232","Érythrée","6110","Valeur US $","23082","IED - entrées totales","2017","2017","Millions d’USD","55.468","X","Ciffre de sources internationales","UNCTAD"
"FDI","L’investissement Direct étranger (IDE)","724","Espagne","6110","Valeur US $","23082","IED - entrées totales","2017","2017","Millions d’USD","23502.897618","X","Ciffre de sources internationales","UNCTAD"
"FDI","L’investissement Direct étranger (IDE)","233","Estonie","6110","Valeur US $","23082","IED - entrées totales","2017","2017","Millions d’USD","1950.836525","X","Ciffre de sources internationales","UNCTAD"
"FDI","L’investissement Direct étranger (IDE)","748","Eswatini","6110","Valeur US $","23082","IED - entrées totales","2017","2017","Millions d’USD","-56.010183","X","Ciffre de sources internationales","UNCTAD"
"FDI","L’investissement Direct étranger (IDE)","840","États-Unis d'Amérique","6110","Valeur US $","23082","IED - entrées totales","2017","2017","Millions d’USD","308956","X","Ciffre de sources internationales","UNCTAD"
"FDI","L’investissement Direct étranger (IDE)","231","Éthiopie","6110","Valeur US $","23082","IED - entrées totales","2017","2017","Millions d’USD","4017.1","X","Ciffre de sources internationales","UNCTAD"
"FDI","L’investissement Direct étranger (IDE)","643","Fédération de Russie","6110","Valeur US $","23082","IED - entrées totales","2017","2017","Millions d’USD","28557.435","X","Ciffre de sources internationales","UNCTAD"
"FDI","L’investissement Direct étranger (IDE)","242","Fidji","6110","Valeur US $","23082","IED - entrées totales","2017","2017","Millions d’USD","386.185942","X","Ciffre de sources internationales","UNCTAD"
"FDI","L’investissement Direct étranger (IDE)","246","Finlande","6110","Valeur US $","23082","IED - entrées totales","2017","2017","Millions d’USD","2863.727251","X","Ciffre de sources internationales","UNCTAD"
"FDI","L’investissement Direct étranger (IDE)","250","France","6110","Valeur US $","23082","IED - entrées totales","2017","2017","Millions d’USD","24832.525615","X","Ciffre de sources internationales","UNCTAD"
"FDI","L’investissement Direct étranger (IDE)","266","Gabon","6110","Valeur US $","23082","IED - entrées totales","2017","2017","Millions d’USD","1314.02933","X","Ciffre de sources internationales","UNCTAD"
"FDI","L’investissement Direct étranger (IDE)","270","Gambie","6110","Valeur US $","23082","IED - entrées totales","2017","2017","Millions d’USD","18.444836","X","Ciffre de sources internationales","UNCTAD"
"FDI","L’investissement Direct étranger (IDE)","268","Géorgie","6110","Valeur US $","23082","IED - entrées totales","2017","2017","Millions d’USD","1990.52644","X","Ciffre de sources internationales","UNCTAD"
"FDI","L’investissement Direct étranger (IDE)","288","Ghana","6110","Valeur US $","23082","IED - entrées totales","2017","2017","Millions d’USD","3239.09","X","Ciffre de sources internationales","UNCTAD"
"FDI","L’investissement Direct étranger (IDE)","300","Grèce","6110","Valeur US $","23082","IED - entrées totales","2017","2017","Millions d’USD","3484.812643","X","Ciffre de sources internationales","UNCTAD"
"FDI","L’investissement Direct étranger (IDE)","308","Grenade","6110","Valeur US $","23082","IED - entrées totales","2017","2017","Millions d’USD","153.27837","X","Ciffre de sources internationales","UNCTAD"
"FDI","L’investissement Direct étranger (IDE)","320","Guatemala","6110","Valeur US $","23082","IED - entrées totales","2017","2017","Millions d’USD","1130","X","Ciffre de sources internationales","UNCTAD"
"FDI","L’investissement Direct étranger (IDE)","324","Guinée","6110","Valeur US $","23082","IED - entrées totales","2017","2017","Millions d’USD","577.59","X","Ciffre de sources internationales","UNCTAD"
"FDI","L’investissement Direct étranger (IDE)","226","Guinée équatoriale","6110","Valeur US $","23082","IED - entrées totales","2017","2017","Millions d’USD","304.827249","X","Ciffre de sources internationales","UNCTAD"
"FDI","L’investissement Direct étranger (IDE)","624","Guinée-Bissau","6110","Valeur US $","23082","IED - entrées totales","2017","2017","Millions d’USD","15.691198","X","Ciffre de sources internationales","UNCTAD"
"FDI","L’investissement Direct étranger (IDE)","328","Guyana","6110","Valeur US $","23082","IED - entrées totales","2017","2017","Millions d’USD","212.15138","X","Ciffre de sources internationales","UNCTAD"
"FDI","L’investissement Direct étranger (IDE)","332","Haïti","6110","Valeur US $","23082","IED - entrées totales","2017","2017","Millions d’USD","374.86","X","Ciffre de sources internationales","UNCTAD"
"FDI","L’investissement Direct étranger (IDE)","340","Honduras","6110","Valeur US $","23082","IED - entrées totales","2017","2017","Millions d’USD","1175.7","X","Ciffre de sources internationales","UNCTAD"
"FDI","L’investissement Direct étranger (IDE)","348","Hongrie","6110","Valeur US $","23082","IED - entrées totales","2017","2017","Millions d’USD","3514.894612","X","Ciffre de sources internationales","UNCTAD"
"FDI","L’investissement Direct étranger (IDE)","136","Îles Caïmanes","6110","Valeur US $","23082","IED - entrées totales","2017","2017","Millions d’USD","15173.395232","X","Ciffre de sources internationales","UNCTAD"
"FDI","L’investissement Direct étranger (IDE)","184","Îles Cook","6110","Valeur US $","23082","IED - entrées totales","2017","2017","Millions d’USD","1.918643","X","Ciffre de sources internationales","UNCTAD"
"FDI","L’investissement Direct étranger (IDE)","584","Îles Marshall","6110","Valeur US $","23082","IED - entrées totales","2017","2017","Millions d’USD","5.835497","X","Ciffre de sources internationales","UNCTAD"
"FDI","L’investissement Direct étranger (IDE)","090","Îles Salomon","6110","Valeur US $","23082","IED - entrées totales","2017","2017","Millions d’USD","42.8399","X","Ciffre de sources internationales","UNCTAD"
"FDI","L’investissement Direct étranger (IDE)","796","Îles Turques-et-Caïques","6110","Valeur US $","23082","IED - entrées totales","2017","2017","Millions d’USD","22.068","X","Ciffre de sources internationales","UNCTAD"
"FDI","L’investissement Direct étranger (IDE)","092","Îles Vierges britanniques","6110","Valeur US $","23082","IED - entrées totales","2017","2017","Millions d’USD","39609.971335","X","Ciffre de sources internationales","UNCTAD"
"FDI","L’investissement Direct étranger (IDE)","356","Inde","6110","Valeur US $","23082","IED - entrées totales","2017","2017","Millions d’USD","-41.407008","X","Ciffre de sources internationales","UNCTAD"
"FDI","L’investissement Direct étranger (IDE)","360","Indonésie","6110","Valeur US $","23082","IED - entrées totales","2017","2017","Millions d’USD","20579.22","X","Ciffre de sources internationales","UNCTAD"
"FDI","L’investissement Direct étranger (IDE)","364","Iran (République islamique d')","6110","Valeur US $","23082","IED - entrées totales","2017","2017","Millions d’USD","5019","X","Ciffre de sources internationales","UNCTAD"
"FDI","L’investissement Direct étranger (IDE)","368","Iraq","6110","Valeur US $","23082","IED - entrées totales","2017","2017","Millions d’USD","-5032.4","X","Ciffre de sources internationales","UNCTAD"
"FDI","L’investissement Direct étranger (IDE)","372","Irlande","6110","Valeur US $","23082","IED - entrées totales","2017","2017","Millions d’USD","52834.920539","X","Ciffre de sources internationales","UNCTAD"
"FDI","L’investissement Direct étranger (IDE)","352","Islande","6110","Valeur US $","23082","IED - entrées totales","2017","2017","Millions d’USD","-41.407008","X","Ciffre de sources internationales","UNCTAD"
"FDI","L’investissement Direct étranger (IDE)","376","Israël","6110","Valeur US $","23082","IED - entrées totales","2017","2017","Millions d’USD","16893","X","Ciffre de sources internationales","UNCTAD"
"FDI","L’investissement Direct étranger (IDE)","380","Italie","6110","Valeur US $","23082","IED - entrées totales","2017","2017","Millions d’USD","24047.083743","X","Ciffre de sources internationales","UNCTAD"
"FDI","L’investissement Direct étranger (IDE)","388","Jamaïque","6110","Valeur US $","23082","IED - entrées totales","2017","2017","Millions d’USD","888.833494","X","Ciffre de sources internationales","UNCTAD"
"FDI","L’investissement Direct étranger (IDE)","392","Japon","6110","Valeur US $","23082","IED - entrées totales","2017","2017","Millions d’USD","9355.587239","X","Ciffre de sources internationales","UNCTAD"
"FDI","L’investissement Direct étranger (IDE)","400","Jordanie","6110","Valeur US $","23082","IED - entrées totales","2017","2017","Millions d’USD","2029.71831","X","Ciffre de sources internationales","UNCTAD"
"FDI","L’investissement Direct étranger (IDE)","398","Kazakhstan","6110","Valeur US $","23082","IED - entrées totales","2017","2017","Millions d’USD","4714.081831","X","Ciffre de sources internationales","UNCTAD"
"FDI","L’investissement Direct étranger (IDE)","404","Kenya","6110","Valeur US $","23082","IED - entrées totales","2017","2017","Millions d’USD","664.568039","X","Ciffre de sources internationales","UNCTAD"
"FDI","L’investissement Direct étranger (IDE)","417","Kirghizistan","6110","Valeur US $","23082","IED - entrées totales","2017","2017","Millions d’USD","-107.2","X","Ciffre de sources internationales","UNCTAD"
"FDI","L’investissement Direct étranger (IDE)","296","Kiribati","6110","Valeur US $","23082","IED - entrées totales","2017","2017","Millions d’USD","0.785","X","Ciffre de sources internationales","UNCTAD"
"FDI","L’investissement Direct étranger (IDE)","414","Koweït","6110","Valeur US $","23082","IED - entrées totales","2017","2017","Millions d’USD","348.122169","X","Ciffre de sources internationales","UNCTAD"
"FDI","L’investissement Direct étranger (IDE)","426","Lesotho","6110","Valeur US $","23082","IED - entrées totales","2017","2017","Millions d’USD","42.057436","X","Ciffre de sources internationales","UNCTAD"
"FDI","L’investissement Direct étranger (IDE)","428","Lettonie","6110","Valeur US $","23082","IED - entrées totales","2017","2017","Millions d’USD","682.323988","X","Ciffre de sources internationales","UNCTAD"
"FDI","L’investissement Direct étranger (IDE)","422","Liban","6110","Valeur US $","23082","IED - entrées totales","2017","2017","Millions d’USD","2522.409653","X","Ciffre de sources internationales","UNCTAD"
"FDI","L’investissement Direct étranger (IDE)","430","Libéria","6110","Valeur US $","23082","IED - entrées totales","2017","2017","Millions d’USD","247.84","X","Ciffre de sources internationales","UNCTAD"
"FDI","L’investissement Direct étranger (IDE)","440","Lituanie","6110","Valeur US $","23082","IED - entrées totales","2017","2017","Millions d’USD","1020.786028","X","Ciffre de sources internationales","UNCTAD"
"FDI","L’investissement Direct étranger (IDE)","442","Luxembourg","6110","Valeur US $","23082","IED - entrées totales","2017","2017","Millions d’USD","-27368.646988","X","Ciffre de sources internationales","UNCTAD"
"FDI","L’investissement Direct étranger (IDE)","807","Macédoine du Nord","6110","Valeur US $","23082","IED - entrées totales","2017","2017","Millions d’USD","205.298178","X","Ciffre de sources internationales","UNCTAD"
"FDI","L’investissement Direct étranger (IDE)","450","Madagascar","6110","Valeur US $","23082","IED - entrées totales","2017","2017","Millions d’USD","357.862206","X","Ciffre de sources internationales","UNCTAD"
"FDI","L’investissement Direct étranger (IDE)","458","Malaisie","6110","Valeur US $","23082","IED - entrées totales","2017","2017","Millions d’USD","9398.814549","X","Ciffre de sources internationales","UNCTAD"
"FDI","L’investissement Direct étranger (IDE)","454","Malawi","6110","Valeur US $","23082","IED - entrées totales","2017","2017","Millions d’USD","90.2","X","Ciffre de sources internationales","UNCTAD"
"FDI","L’investissement Direct étranger (IDE)","462","Maldives","6110","Valeur US $","23082","IED - entrées totales","2017","2017","Millions d’USD","457.808314","X","Ciffre de sources internationales","UNCTAD"
"FDI","L’investissement Direct étranger (IDE)","466","Mali","6110","Valeur US $","23082","IED - entrées totales","2017","2017","Millions d’USD","560.747636","X","Ciffre de sources internationales","UNCTAD"
"FDI","L’investissement Direct étranger (IDE)","470","Malte","6110","Valeur US $","23082","IED - entrées totales","2017","2017","Millions d’USD","3429.193643","X","Ciffre de sources internationales","UNCTAD"
"FDI","L’investissement Direct étranger (IDE)","504","Maroc","6110","Valeur US $","23082","IED - entrées totales","2017","2017","Millions d’USD","2686.029715","X","Ciffre de sources internationales","UNCTAD"
"FDI","L’investissement Direct étranger (IDE)","480","Maurice","6110","Valeur US $","23082","IED - entrées totales","2017","2017","Millions d’USD","616.042093","X","Ciffre de sources internationales","UNCTAD"
"FDI","L’investissement Direct étranger (IDE)","478","Mauritanie","6110","Valeur US $","23082","IED - entrées totales","2017","2017","Millions d’USD","588.2","X","Ciffre de sources internationales","UNCTAD"
"FDI","L’investissement Direct étranger (IDE)","484","Mexique","6110","Valeur US $","23082","IED - entrées totales","2017","2017","Millions d’USD","34017.659622","X","Ciffre de sources internationales","UNCTAD"
"FDI","L’investissement Direct étranger (IDE)","496","Mongolie","6110","Valeur US $","23082","IED - entrées totales","2017","2017","Millions d’USD","2086.3","X","Ciffre de sources internationales","UNCTAD"
"FDI","L’investissement Direct étranger (IDE)","499","Monténégro","6110","Valeur US $","23082","IED - entrées totales","2017","2017","Millions d’USD","558.565764","X","Ciffre de sources internationales","UNCTAD"
"FDI","L’investissement Direct étranger (IDE)","500","Montserrat","6110","Valeur US $","23082","IED - entrées totales","2017","2017","Millions d’USD","3.43929","X","Ciffre de sources internationales","UNCTAD"
"FDI","L’investissement Direct étranger (IDE)","508","Mozambique","6110","Valeur US $","23082","IED - entrées totales","2017","2017","Millions d’USD","2293.088454","X","Ciffre de sources internationales","UNCTAD"
"FDI","L’investissement Direct étranger (IDE)","104","Myanmar","6110","Valeur US $","23082","IED - entrées totales","2017","2017","Millions d’USD","4784.311","X","Ciffre de sources internationales","UNCTAD"
"FDI","L’investissement Direct étranger (IDE)","516","Namibie","6110","Valeur US $","23082","IED - entrées totales","2017","2017","Millions d’USD","279.946036","X","Ciffre de sources internationales","UNCTAD"
"FDI","L’investissement Direct étranger (IDE)","524","Népal","6110","Valeur US $","23082","IED - entrées totales","2017","2017","Millions d’USD","197.775964","X","Ciffre de sources internationales","UNCTAD"
"FDI","L’investissement Direct étranger (IDE)","558","Nicaragua","6110","Valeur US $","23082","IED - entrées totales","2017","2017","Millions d’USD","1035.3","X","Ciffre de sources internationales","UNCTAD"
"FDI","L’investissement Direct étranger (IDE)","562","Niger","6110","Valeur US $","23082","IED - entrées totales","2017","2017","Millions d’USD","338.71071","X","Ciffre de sources internationales","UNCTAD"
"FDI","L’investissement Direct étranger (IDE)","566","Nigéria","6110","Valeur US $","23082","IED - entrées totales","2017","2017","Millions d’USD","2412.974916","X","Ciffre de sources internationales","UNCTAD"
"FDI","L’investissement Direct étranger (IDE)","578","Norvège","6110","Valeur US $","23082","IED - entrées totales","2017","2017","Millions d’USD","-5849.000262","X","Ciffre de sources internationales","UNCTAD"
"FDI","L’investissement Direct étranger (IDE)","540","Nouvelle-Calédonie","6110","Valeur US $","23082","IED - entrées totales","2017","2017","Millions d’USD","488.66321","X","Ciffre de sources internationales","UNCTAD"
"FDI","L’investissement Direct étranger (IDE)","554","Nouvelle-Zélande","6110","Valeur US $","23082","IED - entrées totales","2017","2017","Millions d’USD","2428.574474","X","Ciffre de sources internationales","UNCTAD"
"FDI","L’investissement Direct étranger (IDE)","512","Oman","6110","Valeur US $","23082","IED - entrées totales","2017","2017","Millions d’USD","6718.075423","X","Ciffre de sources internationales","UNCTAD"
"FDI","L’investissement Direct étranger (IDE)","800","Ouganda","6110","Valeur US $","23082","IED - entrées totales","2017","2017","Millions d’USD","656.314784","X","Ciffre de sources internationales","UNCTAD"
"FDI","L’investissement Direct étranger (IDE)","860","Ouzbékistan","6110","Valeur US $","23082","IED - entrées totales","2017","2017","Millions d’USD","1797.341436","X","Ciffre de sources internationales","UNCTAD"
"FDI","L’investissement Direct étranger (IDE)","586","Pakistan","6110","Valeur US $","23082","IED - entrées totales","2017","2017","Millions d’USD","2496","X","Ciffre de sources internationales","UNCTAD"
"FDI","L’investissement Direct étranger (IDE)","585","Palaos","6110","Valeur US $","23082","IED - entrées totales","2017","2017","Millions d’USD","44.503","X","Ciffre de sources internationales","UNCTAD"
"FDI","L’investissement Direct étranger (IDE)","275","Palestine","6110","Valeur US $","23082","IED - entrées totales","2017","2017","Millions d’USD","188.344526","X","Ciffre de sources internationales","UNCTAD"
"FDI","L’investissement Direct étranger (IDE)","591","Panama","6110","Valeur US $","23082","IED - entrées totales","2017","2017","Millions d’USD","4281.839373","X","Ciffre de sources internationales","UNCTAD"
"FDI","L’investissement Direct étranger (IDE)","598","Papouasie-Nouvelle-Guinée","6110","Valeur US $","23082","IED - entrées totales","2017","2017","Millions d’USD","-180.17671","X","Ciffre de sources internationales","UNCTAD"
"FDI","L’investissement Direct étranger (IDE)","600","Paraguay","6110","Valeur US $","23082","IED - entrées totales","2017","2017","Millions d’USD","339.573305","X","Ciffre de sources internationales","UNCTAD"
"FDI","L’investissement Direct étranger (IDE)","528","Pays-Bas (Royaume des)","6110","Valeur US $","23082","IED - entrées totales","2017","2017","Millions d’USD","46114.227904","X","Ciffre de sources internationales","UNCTAD"
"FDI","L’investissement Direct étranger (IDE)","604","Pérou","6110","Valeur US $","23082","IED - entrées totales","2017","2017","Millions d’USD","46.969","X","Ciffre de sources internationales","UNCTAD"
"FDI","L’investissement Direct étranger (IDE)","608","Philippines","6110","Valeur US $","23082","IED - entrées totales","2017","2017","Millions d’USD","10256.4424","X","Ciffre de sources internationales","UNCTAD"
"FDI","L’investissement Direct étranger (IDE)","616","Pologne","6110","Valeur US $","23082","IED - entrées totales","2017","2017","Millions d’USD","9172.340071","X","Ciffre de sources internationales","UNCTAD"
"FDI","L’investissement Direct étranger (IDE)","258","Polynésie française","6110","Valeur US $","23082","IED - entrées totales","2017","2017","Millions d’USD","90.038651","X","Ciffre de sources internationales","UNCTAD"
"FDI","L’investissement Direct étranger (IDE)","620","Portugal","6110","Valeur US $","23082","IED - entrées totales","2017","2017","Millions d’USD","7752.149208","X","Ciffre de sources internationales","UNCTAD"
"FDI","L’investissement Direct étranger (IDE)","634","Qatar","6110","Valeur US $","23082","IED - entrées totales","2017","2017","Millions d’USD","985.989011","X","Ciffre de sources internationales","UNCTAD"
"FDI","L’investissement Direct étranger (IDE)","140","République centrafricaine","6110","Valeur US $","23082","IED - entrées totales","2017","2017","Millions d’USD","6.888751","X","Ciffre de sources internationales","UNCTAD"
"FDI","L’investissement Direct étranger (IDE)","410","République de Corée","6110","Valeur US $","23082","IED - entrées totales","2017","2017","Millions d’USD","17912.9","X","Ciffre de sources internationales","UNCTAD"
"FDI","L’investissement Direct étranger (IDE)","498","République de Moldova","6110","Valeur US $","23082","IED - entrées totales","2017","2017","Millions d’USD","151.59","X","Ciffre de sources internationales","UNCTAD"
"FDI","L’investissement Direct étranger (IDE)","180","République démocratique du Congo","6110","Valeur US $","23082","IED - entrées totales","2017","2017","Millions d’USD","1340.204101","X","Ciffre de sources internationales","UNCTAD"
"FDI","L’investissement Direct étranger (IDE)","418","République démocratique populaire lao","6110","Valeur US $","23082","IED - entrées totales","2017","2017","Millions d’USD","1599.37","X","Ciffre de sources internationales","UNCTAD"
"FDI","L’investissement Direct étranger (IDE)","214","République dominicaine","6110","Valeur US $","23082","IED - entrées totales","2017","2017","Millions d’USD","3570.7","X","Ciffre de sources internationales","UNCTAD"
"FDI","L’investissement Direct étranger (IDE)","408","République populaire démocratique de Corée","6110","Valeur US $","23082","IED - entrées totales","2017","2017","Millions d’USD","-12.832422","X","Ciffre de sources internationales","UNCTAD"
"FDI","L’investissement Direct étranger (IDE)","834","République-Unie de Tanzanie","6110","Valeur US $","23082","IED - entrées totales","2017","2017","Millions d’USD","937.7","X","Ciffre de sources internationales","UNCTAD"
"FDI","L’investissement Direct étranger (IDE)","642","Roumanie","6110","Valeur US $","23082","IED - entrées totales","2017","2017","Millions d’USD","5419.053106","X","Ciffre de sources internationales","UNCTAD"
"FDI","L’investissement Direct étranger (IDE)","826","Royaume-Uni de Grande-Bretagne et d'Irlande du Nord","6110","Valeur US $","23082","IED - entrées totales","2017","2017","Millions d’USD","96353.831501","X","Ciffre de sources internationales","UNCTAD"
"FDI","L’investissement Direct étranger (IDE)","646","Rwanda","6110","Valeur US $","23082","IED - entrées totales","2017","2017","Millions d’USD","356.4365","X","Ciffre de sources internationales","UNCTAD"
"FDI","L’investissement Direct étranger (IDE)","662","Sainte-Lucie","6110","Valeur US $","23082","IED - entrées totales","2017","2017","Millions d’USD","89.941452","X","Ciffre de sources internationales","UNCTAD"
"FDI","L’investissement Direct étranger (IDE)","659","Saint-Kitts-et-Nevis","6110","Valeur US $","23082","IED - entrées totales","2017","2017","Millions d’USD","48.026116","X","Ciffre de sources internationales","UNCTAD"
"FDI","L’investissement Direct étranger (IDE)","670","Saint-Vincent-et-les Grenadines","6110","Valeur US $","23082","IED - entrées totales","2017","2017","Millions d’USD","165.393134","X","Ciffre de sources internationales","UNCTAD"
"FDI","L’investissement Direct étranger (IDE)","882","Samoa","6110","Valeur US $","23082","IED - entrées totales","2017","2017","Millions d’USD","9.078017","X","Ciffre de sources internationales","UNCTAD"
"FDI","L’investissement Direct étranger (IDE)","678","Sao Tomé-et-Principe","6110","Valeur US $","23082","IED - entrées totales","2017","2017","Millions d’USD","34.2085","X","Ciffre de sources internationales","UNCTAD"
"FDI","L’investissement Direct étranger (IDE)","686","Sénégal","6110","Valeur US $","23082","IED - entrées totales","2017","2017","Millions d’USD","588.292998","X","Ciffre de sources internationales","UNCTAD"
"FDI","L’investissement Direct étranger (IDE)","688","Serbie","6110","Valeur US $","23082","IED - entrées totales","2017","2017","Millions d’USD","2878.572864","X","Ciffre de sources internationales","UNCTAD"
"FDI","L’investissement Direct étranger (IDE)","690","Seychelles","6110","Valeur US $","23082","IED - entrées totales","2017","2017","Millions d’USD","186.584077","X","Ciffre de sources internationales","UNCTAD"
"FDI","L’investissement Direct étranger (IDE)","694","Sierra Leone","6110","Valeur US $","23082","IED - entrées totales","2017","2017","Millions d’USD","414","X","Ciffre de sources internationales","UNCTAD"
"FDI","L’investissement Direct étranger (IDE)","702","Singapour","6110","Valeur US $","23082","IED - entrées totales","2017","2017","Millions d’USD","82482.529889","X","Ciffre de sources internationales","UNCTAD"
"FDI","L’investissement Direct étranger (IDE)","534","Sint Maarten (partie néerlandaise)","6110","Valeur US $","23082","IED - entrées totales","2017","2017","Millions d’USD","64.248297","X","Ciffre de sources internationales","UNCTAD"
"FDI","L’investissement Direct étranger (IDE)","703","Slovaquie","6110","Valeur US $","23082","IED - entrées totales","2017","2017","Millions d’USD","4016.771139","X","Ciffre de sources internationales","UNCTAD"
"FDI","L’investissement Direct étranger (IDE)","705","Slovénie","6110","Valeur US $","23082","IED - entrées totales","2017","2017","Millions d’USD","897.753076","X","Ciffre de sources internationales","UNCTAD"
"FDI","L’investissement Direct étranger (IDE)","706","Somalie","6110","Valeur US $","23082","IED - entrées totales","2017","2017","Millions d’USD","369","X","Ciffre de sources internationales","UNCTAD"
"FDI","L’investissement Direct étranger (IDE)","729","Soudan","6110","Valeur US $","23082","IED - entrées totales","2017","2017","Millions d’USD","1065.298481","X","Ciffre de sources internationales","UNCTAD"
"FDI","L’investissement Direct étranger (IDE)","728","Soudan du Sud","6110","Valeur US $","23082","IED - entrées totales","2017","2017","Millions d’USD","1.42","X","Ciffre de sources internationales","UNCTAD"
"FDI","L’investissement Direct étranger (IDE)","144","Sri Lanka","6110","Valeur US $","23082","IED - entrées totales","2017","2017","Millions d’USD","1372.723043","X","Ciffre de sources internationales","UNCTAD"
"FDI","L’investissement Direct étranger (IDE)","752","Suède","6110","Valeur US $","23082","IED - entrées totales","2017","2017","Millions d’USD","12508.685369","X","Ciffre de sources internationales","UNCTAD"
"FDI","L’investissement Direct étranger (IDE)","756","Suisse","6110","Valeur US $","23082","IED - entrées totales","2017","2017","Millions d’USD","12508.685369","X","Ciffre de sources internationales","UNCTAD"
"FDI","L’investissement Direct étranger (IDE)","740","Suriname","6110","Valeur US $","23082","IED - entrées totales","2017","2017","Millions d’USD","98.203021","X","Ciffre de sources internationales","UNCTAD"
"FDI","L’investissement Direct étranger (IDE)","762","Tadjikistan","6110","Valeur US $","23082","IED - entrées totales","2017","2017","Millions d’USD","307.029651","X","Ciffre de sources internationales","UNCTAD"
"FDI","L’investissement Direct étranger (IDE)","148","Tchad","6110","Valeur US $","23082","IED - entrées totales","2017","2017","Millions d’USD","363.381636","X","Ciffre de sources internationales","UNCTAD"
"FDI","L’investissement Direct étranger (IDE)","203","Tchéquie","6110","Valeur US $","23082","IED - entrées totales","2017","2017","Millions d’USD","9521.682026","X","Ciffre de sources internationales","UNCTAD"
"FDI","L’investissement Direct étranger (IDE)","764","Thaïlande","6110","Valeur US $","23082","IED - entrées totales","2017","2017","Millions d’USD","307.029651","X","Ciffre de sources internationales","UNCTAD"
"FDI","L’investissement Direct étranger (IDE)","626","Timor-Leste","6110","Valeur US $","23082","IED - entrées totales","2017","2017","Millions d’USD","6.716","X","Ciffre de sources internationales","UNCTAD"
"FDI","L’investissement Direct étranger (IDE)","768","Togo","6110","Valeur US $","23082","IED - entrées totales","2017","2017","Millions d’USD","88.560066","X","Ciffre de sources internationales","UNCTAD"
"FDI","L’investissement Direct étranger (IDE)","776","Tonga","6110","Valeur US $","23082","IED - entrées totales","2017","2017","Millions d’USD","13.780786","X","Ciffre de sources internationales","UNCTAD"
"FDI","L’investissement Direct étranger (IDE)","780","Trinité-et-Tobago","6110","Valeur US $","23082","IED - entrées totales","2017","2017","Millions d’USD","-456.9","X","Ciffre de sources internationales","UNCTAD"
"FDI","L’investissement Direct étranger (IDE)","788","Tunisie","6110","Valeur US $","23082","IED - entrées totales","2017","2017","Millions d’USD","881.201112","X","Ciffre de sources internationales","UNCTAD"
"FDI","L’investissement Direct étranger (IDE)","795","Turkménistan","6110","Valeur US $","23082","IED - entrées totales","2017","2017","Millions d’USD","2085.944135","X","Ciffre de sources internationales","UNCTAD"
"FDI","L’investissement Direct étranger (IDE)","792","Turquie","6110","Valeur US $","23082","IED - entrées totales","2017","2017","Millions d’USD","11113","X","Ciffre de sources internationales","UNCTAD"
"FDI","L’investissement Direct étranger (IDE)","798","Tuvalu","6110","Valeur US $","23082","IED - entrées totales","2017","2017","Millions d’USD","0.3","X","Ciffre de sources internationales","UNCTAD"
"FDI","L’investissement Direct étranger (IDE)","804","Ukraine","6110","Valeur US $","23082","IED - entrées totales","2017","2017","Millions d’USD","3726.903328","X","Ciffre de sources internationales","UNCTAD"
"FDI","L’investissement Direct étranger (IDE)","858","Uruguay","6110","Valeur US $","23082","IED - entrées totales","2017","2017","Millions d’USD","-590.451027","X","Ciffre de sources internationales","UNCTAD"
"FDI","L’investissement Direct étranger (IDE)","548","Vanuatu","6110","Valeur US $","23082","IED - entrées totales","2017","2017","Millions d’USD","39.723308","X","Ciffre de sources internationales","UNCTAD"
"FDI","L’investissement Direct étranger (IDE)","862","Venezuela (République bolivarienne du)","6110","Valeur US $","23082","IED - entrées totales","2017","2017","Millions d’USD","-68","X","Ciffre de sources internationales","UNCTAD"
"FDI","L’investissement Direct étranger (IDE)","704","Viet Nam","6110","Valeur US $","23082","IED - entrées totales","2017","2017","Millions d’USD","14100","X","Ciffre de sources internationales","UNCTAD"
"FDI","L’investissement Direct étranger (IDE)","887","Yémen","6110","Valeur US $","23082","IED - entrées totales","2017","2017","Millions d’USD","-269.85","X","Ciffre de sources internationales","UNCTAD"
"FDI","L’investissement Direct étranger (IDE)","894","Zambie","6110","Valeur US $","23082","IED - entrées totales","2017","2017","Millions d’USD","1107.4","X","Ciffre de sources internationales","UNCTAD"
"FDI","L’investissement Direct étranger (IDE)","716","Zimbabwe","6110","Valeur US $","23082","IED - entrées totales","2017","2017","Millions d’USD","349","X","Ciffre de sources internationales","UNCTAD"
